Domain,Label
0-1.ru,normal.alexa
0-6.com,normal.alexa
0-60.reviews,normal.alexa
0-60specs.com,normal.alexa
0-6packabs.com,normal.alexa
0-flowers.com,normal.alexa
0-host.net,normal.alexa
0-kms.com,normal.alexa
0-l-g-a.livejournal.com,normal.alexa
0-le-blog.com,normal.alexa
0-stranger.livejournal.com,normal.alexa
0-web.ru,normal.alexa
00-000.pl,normal.alexa
000.nl,normal.alexa
0000.jp,normal.alexa
0000369.cn,normal.alexa
0002.com,normal.alexa
0003.co.jp,normal.alexa
00034.com,normal.alexa
00069.com,normal.alexa
000754.com,normal.alexa
0008.com,normal.alexa
000a.biz,normal.alexa
000area-weekly.com,normal.alexa
000directory.com.ar,normal.alexa
000donuts.com,normal.alexa
000free.us,normal.alexa
000freeproxy.com,normal.alexa
000game.biz,normal.alexa
000space.com,normal.alexa
000up.ir,normal.alexa
000usd.pl,normal.alexa
000webhost.com,normal.alexa
000xb.com,normal.alexa
001-net.ru,normal.alexa
001.co.za,normal.alexa
0012.org,normal.alexa
001200.com,normal.alexa
00122.com,normal.alexa
0019.com,normal.alexa
001daima.com,normal.alexa
001fans.com,normal.alexa
001farm.com,normal.alexa
001games.com,normal.alexa
001hosting.com,normal.alexa
001hosting.com.br,normal.alexa
001hr.net,normal.alexa
001kg.com,normal.alexa
001mobilephone.com,normal.alexa
001phone.cn,normal.alexa
001shop.cz,normal.alexa
001show.com,normal.alexa
0024info.com,normal.alexa
00257.com,normal.alexa
00271.com,normal.alexa
003.ru,normal.alexa
0031.co.kr,normal.alexa
0031.com,normal.alexa
0031477.ru,normal.alexa
0033.com,normal.alexa
00338.com,normal.alexa
003774.com,normal.alexa
003ms.ru,normal.alexa
004.com.cn,normal.alexa
004.cz,normal.alexa
0042.ru,normal.alexa
005.tv,normal.alexa
00568.com,normal.alexa
005net.com,normal.alexa
006789.com,normal.alexa
006media.com,normal.alexa
007.com,normal.alexa
007.mx,normal.alexa
00708.com,normal.alexa
0071515.com,normal.alexa
0074.com,normal.alexa
007788.com,normal.alexa
0078777.com,normal.alexa
007airsoft.com,normal.alexa
007aj.com,normal.alexa
007b.com,normal.alexa
007blog.net,normal.alexa
007bondeblog.blogspot.com.br,normal.alexa
007bondproxy.ml,normal.alexa
007collector.com,normal.alexa
007dainternet.blogspot.com.br,normal.alexa
007dom.ru,normal.alexa
007event.com,normal.alexa
007fragrances.com,normal.alexa
007go.com,normal.alexa
007goods.com,normal.alexa
007indien.blogspot.co.id,normal.alexa
007james.com,normal.alexa
007museum.com,normal.alexa
007names.com,normal.alexa
007s-contact.com,normal.alexa
007sn.com,normal.alexa
007soccerpicks.com,normal.alexa
007soccerpicks.net,normal.alexa
007spygear.com,normal.alexa
